{
  "travel_distances": [
    {
      "id": 973,
      "short_name": "CAR",
      "distances": [
        {
          "id": 974,
          "short_name": "FCE",
          "distance": 2066.548934566166
        },
        {
          "id": 975,
          "short_name": "IND",
          "distance": 486.811383236215
        },
        {
          "id": 976,
          "short_name": "JAX",
          "distance": 412.4169594492209
        },
        {
          "id": 977,
          "short_name": "MIA",
          "distance": 700.2257567720663
        },
        {
          "id": 978,
          "short_name": "NYC",
          "distance": 440.9186410720976
        },
        {
          "id": 979,
          "short_name": "PRFC",
          "distance": 1429.5157143690785
        },
        {
          "id": 980,
          "short_name": "SFD",
          "distance": 2397.3193291021917
        }
      ]
    },
    {
      "id": 974,
      "short_name": "FCE",
      "distances": [
        {
          "id": 973,
          "short_name": "CAR",
          "distance": 2066.548934566166
        },
        {
          "id": 975,
          "short_name": "IND",
          "distance": 1590.6781591300119
        },
        {
          "id": 976,
          "short_name": "JAX",
          "distance": 2257.3682716268963
        },
        {
          "id": 977,
          "short_name": "MIA",
          "distance": 2562.162845075803
        },
        {
          "id": 978,
          "short_name": "NYC",
          "distance": 2039.8341337719044
        },
        {
          "id": 979,
          "short_name": "PRFC",
          "distance": 3490.047923617981
        },
        {
          "id": 980,
          "short_name": "SFD",
          "distance": 1171.9924430478923
        }
      ]
    },
    {
      "id": 975,
      "short_name": "IND",
      "distances": [
        {
          "id": 973,
          "short_name": "CAR",
          "distance": 486.81138323621497
        },
        {
          "id": 974,
          "short_name": "FCE",
          "distance": 1590.6781591300119
        },
        {
          "id": 976,
          "short_name": "JAX",
          "distance": 701.3633085558816
        },
        {
          "id": 977,
          "short_name": "MIA",
          "distance": 1024.9713409257038
        },
        {
          "id": 978,
          "short_name": "NYC",
          "distance": 665.8148449222185
        },
        {
          "id": 979,
          "short_name": "PRFC",
          "distance": 1899.4142211330634
        },
        {
          "id": 980,
          "short_name": "SFD",
          "distance": 1946.2039868514028
        }
      ]
    },
    {
      "id": 976,
      "short_name": "JAX",
      "distances": [
        {
          "id": 973,
          "short_name": "CAR",
          "distance": 412.4169594492209
        },
        {
          "id": 974,
          "short_name": "FCE",
          "distance": 2257.368271626896
        },
        {
          "id": 975,
          "short_name": "IND",
          "distance": 701.3633085558816
        },
        {
          "id": 977,
          "short_name": "MIA",
          "distance": 324.8830781653178
        },
        {
          "id": 978,
          "short_name": "NYC",
          "distance": 846.9224751677646
        },
        {
          "id": 979,
          "short_name": "PRFC",
          "distance": 1274.2528246677223
        },
        {
          "id": 980,
          "short_name": "SFD",
          "distance": 2373.008922530255
        }
      ]
    },
    {
      "id": 977,
      "short_name": "MIA",
      "distances": [
        {
          "id": 973,
          "short_name": "CAR",
          "distance": 700.2257567720663
        },
        {
          "id": 974,
          "short_name": "FCE",
          "distance": 2562.162845075803
        },
        {
          "id": 975,
          "short_name": "IND",
          "distance": 1024.9713409257038
        },
        {
          "id": 976,
          "short_name": "JAX",
          "distance": 324.8830781653178
        },
        {
          "id": 978,
          "short_name": "NYC",
          "distance": 1103.5539803387449
        },
        {
          "id": 979,
          "short_name": "PRFC",
          "distance": 1042.325851593267
        },
        {
          "id": 980,
          "short_name": "SFD",
          "distance": 2582.861908839663
        }
      ]
    },
    {
      "id": 978,
      "short_name": "NYC",
      "distances": [
        {
          "id": 973,
          "short_name": "CAR",
          "distance": 440.9186410720976
        },
        {
          "id": 974,
          "short_name": "FCE",
          "distance": 2039.8341337719044
        },
        {
          "id": 975,
          "short_name": "IND",
          "distance": 665.8148449222185
        },
        {
          "id": 976,
          "short_name": "JAX",
          "distance": 846.9224751677646
        },
        {
          "id": 977,
          "short_name": "MIA",
          "distance": 1103.5539803387449
        },
        {
          "id": 979,
          "short_name": "PRFC",
          "distance": 1603.2422115563136
        },
        {
          "id": 980,
          "short_name": "SFD",
          "distance": 2589.1244133119844
        }
      ]
    },
    {
      "id": 979,
      "short_name": "PRFC",
      "distances": [
        {
          "id": 973,
          "short_name": "CAR",
          "distance": 1429.5157143690785
        },
        {
          "id": 974,
          "short_name": "FCE",
          "distance": 3490.047923617981
        },
        {
          "id": 975,
          "short_name": "IND",
          "distance": 1899.4142211330634
        },
        {
          "id": 976,
          "short_name": "JAX",
          "distance": 1274.2528246677223
        },
        {
          "id": 977,
          "short_name": "MIA",
          "distance": 1042.325851593267
        },
        {
          "id": 978,
          "short_name": "NYC",
          "distance": 1603.2422115563136
        },
        {
          "id": 980,
          "short_name": "SFD",
          "distance": 3624.178017503764
        }
      ]
    },
    {
      "id": 980,
      "short_name": "SFD",
      "distances": [
        {
          "id": 973,
          "short_name": "CAR",
          "distance": 2397.3193291021917
        },
        {
          "id": 974,
          "short_name": "FCE",
          "distance": 1171.9924430478923
        },
        {
          "id": 975,
          "short_name": "IND",
          "distance": 1946.203986851403
        },
        {
          "id": 976,
          "short_name": "JAX",
          "distance": 2373.008922530255
        },
        {
          "id": 977,
          "short_name": "MIA",
          "distance": 2582.861908839663
        },
        {
          "id": 978,
          "short_name": "NYC",
          "distance": 2589.1244133119844
        },
        {
          "id": 979,
          "short_name": "PRFC",
          "distance": 3624.178017503764
        }
      ]
    }
  ]
}